EmployeeId,FirstName,LastName,Gender,DOB,Age,MobileNumber,EmailId,Designation,Department,ReportingOfficer,Location,Nationality,CTC (LPA),JoiningDate,Bench,ProjectName,LastHike,MaritalStatus
1,John,Doe,Male,12-06-1985,39,9876543210,johndoe@example.com,Software Engineer,Engineering,Jane Smith,"New York, USA",American,10,21-03-2015,No,Project Alpha,8%,Married
2,Jane,Smith,Female,25-09-1988,35,1234567890,janesmith@example.com,Product Manager,Management,David Johnson,"London, UK",British,15,10-10-2012,No,Project Beta,6%,Single
3,Michael,Jackson,Male,18-11-1990,31,4567890123,michaeljackson@example.com,Marketing Executive,Marketing,Emily Brown,"Sydney, Australia",Australian,12,02-05-2018,Yes,Project Gamma,7%,Married
4,Emily,Brown,Female,08-03-1987,35,7890123456,emilybrown@example.com,HR Manager,Human Resources,George Wilson,"Toronto, Canada",Canadian,18,15-08-2010,No,Project Delta,4%,Single
5,David,Johnson,Male,31-01-1983,39,2345678901,davidjohnson@example.com,Data Scientist,Data Science,Alexander Lee,"San Francisco, USA",American,20,05-12-2011,No,Project Epsilon,5%,Married
6,Alexander,Lee,Male,15-07-1989,32,3456789012,alexanderlee@example.com,Business Analyst,Business Development,Sophia Garcia,"Paris, France",French,14,30-09-2019,Yes,Project Zeta,6%,Single
7,Sophia,Garcia,Female,20-04-1991,31,5678901234,sophiagarcia@example.com,Software Engineer,Engineering,William Martinez,"Tokyo, Japan",Japanese,16,18-02-2014,No,Project Eta,7%,Married
8,William,Martinez,Male,10-12-1986,37,6789012345,williammartinez@example.com,Product Manager,Management,Emma Hernandez,"Berlin, Germany",German,22,24-07-2013,No,Project Theta,8%,Single
9,Emma,Hernandez,Female,05-08-1993,30,8901234567,emmahernandez@example.com,Marketing Executive,Marketing,Daniel Perez,"Mexico City, Mexico",Mexican,13,03-04-2017,No,Project Iota,9%,Married
10,Daniel,Perez,Male,27-05-1984,40,123456789,danielperez@example.com,HR Manager,Human Resources,Sophia Rodriguez,"Madrid, Spain",Spanish,19,11-11-2016,Yes,Project Kappa,10%,Single
11,Sophia,Rodriguez,Female,14-02-1986,38,1012345678,sophiarodriguez@example.com,Data Scientist,Data Science,Adam Garcia,"Rome, Italy",Italian,17,22-08-2015,No,Project Lambda,11%,Married
12,Adam,Garcia,Male,03-10-1992,31,2101234567,adangarcia@example.com,Business Analyst,Business Development,Olivia Rodriguez,"Lisbon, Portugal",Portuguese,15,09-01-2018,No,Project Mu,12%,Married
13,Olivia,Rodriguez,Female,17-03-1995,29,3210123456,oliviarodriguez@example.com,Software Engineer,Engineering,Noah Martinez,"Seoul, South Korea",Korean,21,28-12-2017,Yes,Project Nu,13%,Single
14,Noah,Martinez,Male,22-08-1988,36,4321012345,noahmartinez@example.com,Product Manager,Management,Sophia Lee,"Shanghai, China",Chinese,18,07-06-2014,No,Project Xi,14%,Married
15,Sophia,Lee,Female,09-12-1983,40,5432101234,sophialee@example.com,Marketing Executive,Marketing,William Wang,"Mumbai, India",Indian,14,15-03-2016,No,Project Omicron,15%,Single
16,William,Wang,Male,05-05-1990,34,6543210123,williamwang@example.com,HR Manager,Human Resources,Emma Gupta,"Delhi, India",Indian,17,20-09-2013,Yes,Project Pi,16%,Married
17,Emma,Gupta,Female,30-09-1987,36,7654321012,emmagupta@example.com,Data Scientist,Data Science,Daniel Singh,"Bangalore, India",Indian,20,25-02-2015,No,Project Rho,17%,Married
18,Daniel,Singh,Male,25-04-1984,40,8765432101,danielsingh@example.com,Business Analyst,Business Development,Sophia Sharma,"Hyderabad, India",Indian,19,30-11-2012,No,Project Sigma,18%,Single
19,Sophia,Sharma,Female,19-11-1989,34,9876543210,sophiasharma@example.com,Software Engineer,Engineering,William Patel,"Chennai, India",Indian,16,16-05-2014,No,Project Tau,19%,Married
20,William,Patel,Male,14-06-1993,30,987654321,williampatel@example.com,Product Manager,Management,Emma Kumar,"Kolkata, India",Indian,21,01-01-2017,Yes,Project Upsilon,20%,Single
21,Samantha,Johnson,Female,15-08-1990,31,1987654321,samanthajohnson@example.com,Software Engineer,Engineering,John Davis,"San Francisco, USA",American,18,28-02-2016,No,Project Zeta,21%,Married
22,John,Davis,Male,20-05-1985,37,123456789,johndavis@example.com,Product Manager,Management,Samantha Johnson,"New York, USA",American,22,15-09-2013,No,Project Eta,22%,Single
23,Emma,Wilson,Female,30-11-1988,33,1234987654,emmawilson@example.com,Marketing Executive,Marketing,Andrew Thompson,"London, UK",British,25,10-04-2012,No,Project Theta,23%,Married
24,Andrew,Thompson,Male,25-03-1991,31,2345678910,andrewthompson@example.com,HR Manager,Human Resources,Emma Wilson,"Sydney, Australia",Australian,28,22-11-2018,No,Project Iota,24%,Single
25,Sophia,Garcia,Female,12-07-1984,40,3456789123,sophiagarcia@example.com,Data Scientist,Data Science,William Brown,"Toronto, Canada",Canadian,30,05-08-2011,Yes,Project Kappa,25%,Married
26,William,Brown,Male,10-02-1987,37,4567891234,williambrown@example.com,Business Analyst,Business Development,Sophia Garcia,"Paris, France",French,32,18-05-2019,No,Project Lambda,26%,Single
27,Olivia,Smith,Female,05-04-1990,32,5678912345,oliviasmith@example.com,Software Engineer,Engineering,Noah Rodriguez,"Tokyo, Japan",Japanese,35,30-07-2014,No,Project Mu,27%,Married
28,Noah,Rodriguez,Male,20-12-1983,40,6789123456,noahrodriguez@example.com,Product Manager,Management,Olivia Smith,"Berlin, Germany",German,38,25-03-2013,No,Project Nu,28%,Single
29,Isabella,Lopez,Female,10-09-1988,36,7891234567,isabellalopez@example.com,Marketing Executive,Marketing,David Garcia,"Mexico City, Mexico",Mexican,40,20-10-2017,No,Project Xi,29%,Married
30,David,Garcia,Male,08-06-1985,39,8912345678,davidgarcia@example.com,HR Manager,Human Resources,Isabella Lopez,"Madrid, Spain",Spanish,42,15-11-2016,Yes,Project Omicron,30%,Single
31,Michael,Roberts,Male,25-10-1989,34,9123456789,michaelroberts@example.com,Software Engineer,Engineering,Emma Taylor,"San Francisco, USA",American,45,10-12-2015,No,Project Omicron,31%,Married
32,Emma,Taylor,Female,20-07-1986,38,1234567890,emmataylor@example.com,Product Manager,Management,Michael Roberts,"New York, USA",American,48,15-04-2013,No,Project Pi,32%,Single
33,Daniel,Martin,Male,18-04-1987,37,2345678901,danielmartin@example.com,Marketing Executive,Marketing,Olivia White,"London, UK",British,50,30-07-2012,No,Project Rho,33%,Married
34,Olivia,White,Female,15-12-1990,31,3456789012,oliviawhite@example.com,HR Manager,Human Resources,Daniel Martin,"Sydney, Australia",Australian,55,22-10-2018,No,Project Sigma,34%,Single
35,William,Anderson,Male,05-09-1984,40,4567890123,williamanderson@example.com,Data Scientist,Data Science,Emily Wilson,"Toronto, Canada",Canadian,60,05-11-2011,Yes,Project Tau,35%,Married
36,Emily,Wilson,Female,22-06-1987,37,5678901234,emilywilson@example.com,Business Analyst,Business Development,William Anderson,"Paris, France",French,65,18-08-2019,No,Project Upsilon,36%,Single
37,Jacob,Jones,Male,30-08-1991,32,6789012345,jacobjones@example.com,Software Engineer,Engineering,Sophia Brown,"Tokyo, Japan",Japanese,70,30-10-2014,No,Project Phi,37%,Married
38,Sophia,Brown,Female,10-05-1983,41,7890123456,sophiabrown@example.com,Product Manager,Management,Jacob Jones,"Berlin, Germany",German,75,25-03-2013,No,Project Chi,38%,Single
39,Ethan,Turner,Male,28-02-1988,36,8901234567,ethanturner@example.com,Marketing Executive,Marketing,Isabella Davis,"Mexico City, Mexico",Mexican,80,20-04-2017,No,Project Psi,39%,Married
40,Isabella,Davis,Female,12-11-1985,38,9012345678,isabelladavis@example.com,HR Manager,Human Resources,Ethan Turner,"Madrid, Spain",Spanish,85,15-09-2016,Yes,Project Omega,40%,Single
41,Charlotte,Cooper,Female,18-05-1990,34,1234567890,charlottecooper@example.com,Software Engineer,Engineering,Noah Martinez,"San Francisco, USA",American,90,30-11-2015,No,Project Lambda,41%,Married
42,Noah,Martinez,Male,10-03-1985,39,2345678901,noahmartinez@example.com,Product Manager,Management,Charlotte Cooper,"New York, USA",American,95,15-08-2013,No,Project Mu,42%,Single
43,Hannah,Lewis,Female,27-11-1988,33,3456789012,hannahlewis@example.com,Marketing Executive,Marketing,Liam Thompson,"London, UK",British,100,10-06-2012,No,Project Nu,43%,Married
44,Liam,Thompson,Male,15-02-1991,31,4567890123,liamthompson@example.com,HR Manager,Human Resources,Hannah Lewis,"Sydney, Australia",Australian,105,22-09-2018,No,Project Xi,44%,Single
45,Emily,Harris,Female,08-10-1984,39,5678901234,emilyharris@example.com,Data Scientist,Data Science,Jacob Davis,"Toronto, Canada",Canadian,110,05-10-2011,Yes,Project Omicron,45%,Married
46,Jacob,Davis,Male,03-07-1987,36,6789012345,jacobdavis@example.com,Business Analyst,Business Development,Emily Harris,"Paris, France",French,115,18-07-2019,No,Project Pi,46%,Single
47,Ava,Walker,Female,25-04-1991,30,7890123456,avawalker@example.com,Software Engineer,Engineering,Oliver Jackson,"Tokyo, Japan",Japanese,120,30-09-2014,No,Project Theta,47%,Married
48,Oliver,Jackson,Male,19-12-1983,38,8901234567,oliverjackson@example.com,Product Manager,Management,Ava Walker,"Berlin, Germany",German,125,25-02-2013,No,Project Sigma,48%,Single
49,Mia,Morris,Female,15-10-1988,33,9012345678,miamorris@example.com,Marketing Executive,Marketing,Ethan Roberts,"Mexico City, Mexico",Mexican,130,20-03-2017,No,Project Tau,49%,Married
50,Ethan,Roberts,Male,12-07-1985,38,9876543210,ethanroberts@example.com,HR Manager,Human Resources,Mia Morris,"Madrid, Spain",Spanish,135,15-08-2016,Yes,Project Upsilon,50%,Single
51,Aiden,Parker,Male,20-06-1989,32,8765432109,aidenparker@example.com,Software Engineer,Engineering,Emma Wright,"San Francisco, USA",American,140,10-07-2015,No,Project Delta,51%,Married
52,Emma,Wright,Female,15-01-1986,36,7654321098,emmawright@example.com,Product Manager,Management,Aiden Parker,"New York, USA",American,145,25-04-2013,No,Project Epsilon,52%,Single
53,Nathan,Baker,Male,28-09-1987,34,6543210987,nathanbaker@example.com,Marketing Executive,Marketing,Olivia Clark,"London, UK",British,150,30-09-2012,No,Project Gamma,53%,Married
54,Olivia,Clark,Female,14-02-1990,32,5432109876,oliviaclark@example.com,HR Manager,Human Resources,Nathan Baker,"Sydney, Australia",Australian,155,15-08-2019,No,Project Omega,54%,Single
55,Lucas,Mitchell,Male,03-05-1984,40,4321098765,lucasmitchell@example.com,Data Scientist,Data Science,Isabella Evans,"Toronto, Canada",Canadian,160,20-06-2011,Yes,Project Beta,55%,Married
56,Isabella,Evans,Female,10-12-1987,36,3210987654,isabellaevans@example.com,Business Analyst,Business Development,Lucas Mitchell,"Paris, France",French,165,10-05-2018,No,Project Alpha,56%,Single
57,Ella,King,Female,28-11-1990,31,2109876543,ellaking@example.com,Software Engineer,Engineering,Noah Turner,"Tokyo, Japan",Japanese,170,05-10-2014,No,Project Zeta,57%,Married
58,Noah,Turner,Male,15-08-1983,38,1098765432,noahturner@example.com,Product Manager,Management,Ella King,"Berlin, Germany",German,175,15-03-2013,No,Project Theta,58%,Single
59,Grace,Ward,Female,20-04-1988,33,987654321,graceward@example.com,Marketing Executive,Marketing,Liam Hill,"Mexico City, Mexico",Mexican,180,10-06-2017,No,Project Delta,59%,Married
60,Liam,Hill,Male,08-01-1985,37,9876543210,liamhill@example.com,HR Manager,Human Resources,Grace Ward,"Madrid, Spain",Spanish,185,25-05-2016,Yes,Project Epsilon,60%,Single
61,Oliver,Cooper,Male,15-04-1989,33,8765432109,olivercooper@example.com,Software Engineer,Engineering,Sophia Bennett,"San Francisco, USA",American,190,10-05-2015,No,Project Gamma,61%,Married
62,Sophia,Bennett,Female,20-07-1986,36,7654321098,sophiabennett@example.com,Product Manager,Management,Oliver Cooper,"New York, USA",American,195,25-08-2013,No,Project Delta,62%,Single
63,Emma,Rogers,Female,28-09-1987,34,6543210987,emmarogers@example.com,Marketing Executive,Marketing,Liam Parker,"London, UK",British,200,30-09-2012,No,Project Epsilon,63%,Married
64,Liam,Parker,Male,14-02-1990,32,5432109876,liamparker@example.com,HR Manager,Human Resources,Emma Rogers,"Sydney, Australia",Australian,205,15-08-2019,No,Project Zeta,64%,Single
65,Abigail,Stewart,Female,03-05-1984,40,4321098765,abigailstewart@example.com,Data Scientist,Data Science,Noah Harris,"Toronto, Canada",Canadian,210,20-06-2011,Yes,Project Alpha,65%,Married
66,Noah,Harris,Male,10-12-1987,36,3210987654,noahharris@example.com,Business Analyst,Business Development,Abigail Stewart,"Paris, France",French,215,10-05-2018,No,Project Beta,66%,Single
67,Emily,Clark,Female,28-11-1990,31,2109876543,emilyclark@example.com,Software Engineer,Engineering,Jacob Evans,"Tokyo, Japan",Japanese,220,05-10-2014,No,Project Gamma,67%,Married
68,Jacob,Evans,Male,15-08-1983,38,1098765432,jacobevans@example.com,Product Manager,Management,Emily Clark,"Berlin, Germany",German,225,15-03-2013,No,Project Delta,68%,Single
69,Sophie,Howard,Female,20-04-1988,33,987654321,sophiehoward@example.com,Marketing Executive,Marketing,Daniel Wright,"Mexico City, Mexico",Mexican,230,10-06-2017,No,Project Epsilon,69%,Married
70,Daniel,Wright,Male,08-01-1985,37,9876543210,danielwright@example.com,HR Manager,Human Resources,Sophie Howard,"Madrid, Spain",Spanish,235,25-05-2016,Yes,Project Zeta,70%,Single
71,Grace,Turner,Female,15-03-1990,32,8765432109,graceturner@example.com,Software Engineer,Engineering,Alexander Foster,"San Francisco, USA",American,240,10-04-2015,No,Project Alpha,71%,Married
72,Alexander,Foster,Male,30-06-1985,36,7654321098,alexanderfoster@example.com,Product Manager,Management,Grace Turner,"New York, USA",American,245,25-07-2013,No,Project Beta,72%,Single
73,Isabella,Young,Female,25-08-1987,34,6543210987,isabellayoung@example.com,Marketing Executive,Marketing,William Morgan,"London, UK",British,250,30-08-2012,No,Project Gamma,73%,Married
74,William,Morgan,Male,10-01-1990,32,5432109876,williammorgan@example.com,HR Manager,Human Resources,Isabella Young,"Sydney, Australia",Australian,255,15-07-2019,No,Project Delta,74%,Single
75,Liam,Carter,Male,05-04-1984,38,4321098765,liamcarter@example.com,Data Scientist,Data Science,Emily King,"Toronto, Canada",Canadian,260,20-05-2011,Yes,Project Epsilon,75%,Married
76,Emily,King,Female,20-11-1987,34,3210987654,emilyking@example.com,Business Analyst,Business Development,Liam Carter,"Paris, France",French,265,10-06-2018,No,Project Zeta,76%,Single
77,Sophia,Brown,Female,28-10-1990,31,2109876543,sophiabrown@example.com,Software Engineer,Engineering,Noah Evans,"Tokyo, Japan",Japanese,270,05-09-2014,No,Project Alpha,77%,Married
78,Noah,Evans,Male,15-07-1983,38,1098765432,noahevans@example.com,Product Manager,Management,Sophia Brown,"Berlin, Germany",German,275,10-02-2013,No,Project Beta,78%,Single
79,Chloe,Morris,Female,10-02-1988,34,987654321,chloemorris@example.com,Marketing Executive,Marketing,Daniel White,"Mexico City, Mexico",Mexican,280,15-05-2017,No,Project Gamma,79%,Married
80,Daniel,White,Male,25-05-1985,37,9876543210,danielwhite@example.com,HR Manager,Human Resources,Chloe Morris,"Madrid, Spain",Spanish,285,20-08-2016,Yes,Project Delta,80%,Single
81,Oliver,Brooks,Male,20-09-1989,32,8765432109,oliverbrooks@example.com,Software Engineer,Engineering,Ella Powell,"San Francisco, USA",American,290,10-10-2015,No,Project Alpha,81%,Married
82,Ella,Powell,Female,15-04-1986,36,7654321098,ellapowell@example.com,Product Manager,Management,Oliver Brooks,"New York, USA",American,295,25-11-2013,No,Project Beta,82%,Single
83,Ava,Ross,Female,28-06-1987,34,6543210987,avaross@example.com,Marketing Executive,Marketing,Liam Foster,"London, UK",British,300,30-10-2012,No,Project Gamma,83%,Married
84,Liam,Foster,Male,10-01-1990,32,5432109876,liamfoster@example.com,HR Manager,Human Resources,Ava Ross,"Sydney, Australia",Australian,305,15-07-2019,No,Project Delta,84%,Single
85,Harper,Reed,Female,05-04-1984,38,4321098765,harperreed@example.com,Data Scientist,Data Science,Noah Bennett,"Toronto, Canada",Canadian,310,20-05-2011,Yes,Project Epsilon,85%,Married
86,Noah,Bennett,Male,20-11-1987,34,3210987654,noahbennett@example.com,Business Analyst,Business Development,Harper Reed,"Paris, France",French,315,10-06-2018,No,Project Zeta,86%,Single
87,Emma,Hughes,Female,28-08-1990,31,2109876543,emmahughes@example.com,Software Engineer,Engineering,William Turner,"Tokyo, Japan",Japanese,320,05-09-2014,No,Project Alpha,87%,Married
88,William,Turner,Male,15-07-1983,38,1098765432,williamturner@example.com,Product Manager,Management,Emma Hughes,"Berlin, Germany",German,325,10-02-2013,No,Project Beta,88%,Single
89,Scarlett,Bell,Female,10-02-1988,34,987654321,scarlettbell@example.com,Marketing Executive,Marketing,Daniel King,"Mexico City, Mexico",Mexican,330,15-05-2017,No,Project Gamma,89%,Married
90,Daniel,King,Male,25-05-1985,37,9876543210,danielking@example.com,HR Manager,Human Resources,Scarlett Bell,"Madrid, Spain",Spanish,335,20-08-2016,Yes,Project Delta,90%,Single
91,Sophia,Richards,Female,20-09-1991,30,8765432109,sophiarichards@example.com,Software Engineer,Engineering,Oliver Collins,"San Francisco, USA",American,340,10-10-2015,No,Project Alpha,91%,Married
92,Oliver,Collins,Male,15-04-1986,36,7654321098,olivercollins@example.com,Product Manager,Management,Sophia Richards,"New York, USA",American,345,25-11-2013,No,Project Beta,92%,Single
93,Amelia,Mitchell,Female,28-06-1987,34,6543210987,ameliamitchell@example.com,Marketing Executive,Marketing,Liam Carter,"London, UK",British,350,30-10-2012,No,Project Gamma,93%,Married
94,Liam,Carter,Male,10-01-1990,32,5432109876,liamcarter@example.com,HR Manager,Human Resources,Amelia Mitchell,"Sydney, Australia",Australian,355,15-07-2019,No,Project Delta,94%,Single
95,Charlotte,Hall,Female,05-04-1984,38,4321098765,charlottehall@example.com,Data Scientist,Data Science,Noah Thompson,"Toronto, Canada",Canadian,360,20-05-2011,Yes,Project Epsilon,95%,Married
96,Noah,Thompson,Male,20-11-1987,34,3210987654,noahthompson@example.com,Business Analyst,Business Development,Charlotte Hall,"Paris, France",French,365,10-06-2018,No,Project Zeta,96%,Single
97,Isabella,Reid,Female,28-08-1990,31,2109876543,isabellareid@example.com,Software Engineer,Engineering,Oliver Turner,"Tokyo, Japan",Japanese,370,05-09-2014,No,Project Alpha,97%,Married
98,Oliver,Turner,Male,15-07-1983,38,1098765432,oliverturner@example.com,Product Manager,Management,Isabella Reid,"Berlin, Germany",German,375,10-02-2013,No,Project Beta,98%,Single
99,Amelia,Wright,Female,10-02-1988,34,987654321,ameliawright@example.com,Marketing Executive,Marketing,Daniel Foster,"Mexico City, Mexico",Mexican,380,15-05-2017,No,Project Gamma,99%,Married
100,Daniel,Foster,Male,25-05-1985,37,9876543210,danielfoster@example.com,HR Manager,Human Resources,Amelia Wright,"Madrid, Spain",Spanish,385,20-08-2016,Yes,Project Delta,100%,Single
101,Sophia,Allen,Female,20-09-1991,30,8765432109,sophiaallen@example.com,Software Engineer,Engineering,Jacob Ward,"San Francisco, USA",American,390,10-10-2015,No,Project Alpha,101%,Married
102,Jacob,Ward,Male,15-04-1986,36,7654321098,jacobward@example.com,Product Manager,Management,Sophia Allen,"New York, USA",American,395,25-11-2013,No,Project Beta,102%,Single
103,Olivia,Brooks,Female,28-06-1987,34,6543210987,oliviabrooks@example.com,Marketing Executive,Marketing,Ethan Morgan,"London, UK",British,400,30-10-2012,No,Project Gamma,103%,Married
104,Ethan,Morgan,Male,10-01-1990,32,5432109876,ethanmorgan@example.com,HR Manager,Human Resources,Olivia Brooks,"Sydney, Australia",Australian,405,15-07-2019,No,Project Delta,104%,Single
105,Aiden,James,Male,05-04-1984,38,4321098765,aidenjames@example.com,Data Scientist,Data Science,Emma Hughes,"Toronto, Canada",Canadian,410,20-05-2011,Yes,Project Epsilon,105%,Married
106,Emma,Hughes,Female,20-11-1987,34,3210987654,emmahughes@example.com,Business Analyst,Business Development,Aiden James,"Paris, France",French,415,10-06-2018,No,Project Zeta,106%,Single
107,Isabella,Stewart,Female,28-08-1990,31,2109876543,isabellastewart@example.com,Software Engineer,Engineering,Noah Evans,"Tokyo, Japan",Japanese,420,05-09-2014,No,Project Alpha,107%,Married
108,Noah,Evans,Male,15-07-1983,38,1098765432,noahevans@example.com,Product Manager,Management,Isabella Stewart,"Berlin, Germany",German,425,10-02-2013,No,Project Beta,108%,Single
109,Emily,Fisher,Female,10-02-1988,34,987654321,emilyfisher@example.com,Marketing Executive,Marketing,Daniel Hill,"Mexico City, Mexico",Mexican,430,15-05-2017,No,Project Gamma,109%,Married
110,Daniel,Hill,Male,25-05-1985,37,9876543210,danielhill@example.com,HR Manager,Human Resources,Emily Fisher,"Madrid, Spain",Spanish,435,20-08-2016,Yes,Project Delta,110%,Single
111,Charlotte,Wilson,Female,20-09-1991,30,8765432109,charlottewilson@example.com,Software Engineer,Engineering,Oliver Moore,"San Francisco, USA",American,440,10-10-2015,No,Project Alpha,111%,Married
112,Oliver,Moore,Male,15-04-1986,36,7654321098,olivermoore@example.com,Product Manager,Management,Charlotte Wilson,"New York, USA",American,445,25-11-2013,No,Project Beta,112%,Single
113,Amelia,Wilson,Female,28-06-1987,34,6543210987,ameliawilson@example.com,Marketing Executive,Marketing,Jacob Lewis,"London, UK",British,450,30-10-2012,No,Project Gamma,113%,Married
114,Jacob,Lewis,Male,10-01-1990,32,5432109876,jacoblewis@example.com,HR Manager,Human Resources,Amelia Wilson,"Sydney, Australia",Australian,455,15-07-2019,No,Project Delta,114%,Single
115,Sophia,Green,Female,05-04-1984,38,4321098765,sophiagreen@example.com,Data Scientist,Data Science,Ethan Foster,"Toronto, Canada",Canadian,460,20-05-2011,Yes,Project Epsilon,115%,Married
116,Ethan,Foster,Male,20-11-1987,34,3210987654,ethanfoster@example.com,Business Analyst,Business Development,Sophia Green,"Paris, France",French,465,10-06-2018,No,Project Zeta,116%,Single
117,Isabella,Bailey,Female,28-08-1990,31,2109876543,isabellabailey@example.com,Software Engineer,Engineering,Noah Hudson,"Tokyo, Japan",Japanese,470,05-09-2014,No,Project Alpha,117%,Married
118,Noah,Hudson,Male,15-07-1983,38,1098765432,noahhudson@example.com,Product Manager,Management,Isabella Bailey,"Berlin, Germany",German,475,10-02-2013,No,Project Beta,118%,Single
119,Emily,Davis,Female,10-02-1988,34,987654321,emilydavis@example.com,Marketing Executive,Marketing,Daniel Carter,"Mexico City, Mexico",Mexican,480,15-05-2017,No,Project Gamma,119%,Married
120,Daniel,Carter,Male,25-05-1985,37,9876543210,danielcarter@example.com,HR Manager,Human Resources,Emily Davis,"Madrid, Spain",Spanish,485,20-08-2016,Yes,Project Delta,120%,Single
121,Olivia,Wright,Female,20-09-1991,30,8765432109,oliviawright@example.com,Software Engineer,Engineering,Liam Hughes,"San Francisco, USA",American,490,10-10-2015,No,Project Alpha,121%,Married
122,Liam,Hughes,Male,15-04-1986,36,7654321098,liamhughes@example.com,Product Manager,Management,Olivia Wright,"New York, USA",American,495,25-11-2013,No,Project Beta,122%,Single
123,Emily,Walker,Female,28-06-1987,34,6543210987,emilywalker@example.com,Marketing Executive,Marketing,Noah Hill,"London, UK",British,500,30-10-2012,No,Project Gamma,123%,Married
124,Noah,Hill,Male,10-01-1990,32,5432109876,noahhill@example.com,HR Manager,Human Resources,Emily Walker,"Sydney, Australia",Australian,505,15-07-2019,No,Project Delta,124%,Single
125,Isaac,Perez,Male,05-04-1984,38,4321098765,isaacperez@example.com,Data Scientist,Data Science,Chloe Wright,"Toronto, Canada",Canadian,510,20-05-2011,Yes,Project Epsilon,125%,Married
126,Chloe,Wright,Female,20-11-1987,34,3210987654,chloewright@example.com,Business Analyst,Business Development,Isaac Perez,"Paris, France",French,515,10-06-2018,No,Project Zeta,126%,Single
127,Sophia,Lopez,Female,28-08-1990,31,2109876543,sophialopez@example.com,Software Engineer,Engineering,Lucas Perez,"Tokyo, Japan",Japanese,520,05-09-2014,No,Project Alpha,127%,Married
128,Lucas,Perez,Male,15-07-1983,38,1098765432,lucasperez@example.com,Product Manager,Management,Sophia Lopez,"Berlin, Germany",German,525,10-02-2013,No,Project Beta,128%,Single
129,Isabella,Ramirez,Female,10-02-1988,34,987654321,isabellaramirez@example.com,Marketing Executive,Marketing,Daniel Foster,"Mexico City, Mexico",Mexican,530,15-05-2017,No,Project Gamma,129%,Married
130,Daniel,Foster,Male,25-05-1985,37,9876543210,danielfoster@example.com,HR Manager,Human Resources,Isabella Ramirez,"Madrid, Spain",Spanish,535,20-08-2016,Yes,Project Delta,130%,Single
131,Ava,Cooper,Female,20-09-1991,30,8765432109,avacooper@example.com,Software Engineer,Engineering,Noah Richardson,"San Francisco, USA",American,540,10-10-2015,No,Project Alpha,131%,Married
132,Noah,Richardson,Male,15-04-1986,36,7654321098,noahrichardson@example.com,Product Manager,Management,Ava Cooper,"New York, USA",American,545,25-11-2013,No,Project Beta,132%,Single
133,Grace,Bennett,Female,28-06-1987,34,6543210987,gracebennett@example.com,Marketing Executive,Marketing,Ethan Murphy,"London, UK",British,550,30-10-2012,No,Project Gamma,133%,Married
134,Ethan,Murphy,Male,10-01-1990,32,5432109876,ethanmurphy@example.com,HR Manager,Human Resources,Grace Bennett,"Sydney, Australia",Australian,555,15-07-2019,No,Project Delta,134%,Single
135,Alexa,Hernandez,Female,05-04-1984,38,4321098765,alexahernandez@example.com,Data Scientist,Data Science,Liam Wilson,"Toronto, Canada",Canadian,560,20-05-2011,Yes,Project Epsilon,135%,Married
